<?xml version="1.0" encoding="utf-8"?>
<?xml-stylesheet type="text/xsl" href="flower_1.xsl"?>
<!-- reference: www.baidu.com; http://www.hua.com/?sid=bda000004; http://baike.baidu.com/ -->
<CATALOG>
<PLANT> <!-- level 1 nesting -->
    
    <NAME> <!-- level 2 nesting -->
        <COMMON>1</COMMON> <!--level 3 nesting -->
        <BOTANICAL>Human</BOTANICAL> <!-- level 3 nesting -->
    </NAME>
	<search>1</search><!-- there is convenient for search-->
    <StudentName>Andy</StudentName>
    <Age>18</Age>
    <Unit>sit 764</Unit>
    <PHOTO>1.jpg</PHOTO>
	<DETAIL>Deaikin uiversity student.
	</DETAIL>
</PLANT>

<PLANT> <!-- level 1 nesting -->
    
    <NAME> <!-- level 2 nesting -->
        <COMMON>2</COMMON> <!--level 3 nesting -->
        <BOTANICAL>Human</BOTANICAL> <!-- level 3 nesting -->
    </NAME>
	<search>2</search><!-- there is convenient for search-->
    <StudentName>Alice</StudentName>
    <Age>20</Age>
    <Unit>sit 780</Unit>
    <PHOTO>2.jpg</PHOTO>
	<DETAIL>Deaikin uiversity student.
	</DETAIL>
</PLANT>



</CATALOG>